Audi,"Audi A4",https://www.neodrift.in/search?type=product&options%5Bprefix%5D=last&options%5Bunavailable_products%5D=last&q=Audi+A4
Audi,"Audi Q3",https://www.neodrift.in/search?type=product&options%5Bprefix%5D=last&options%5Bunavailable_products%5D=last&q=Audi+Q3
Audi,"Audi Q5",https://www.neodrift.in/search?type=product&options%5Bprefix%5D=last&options%5Bunavailable_products%5D=last&q=Audi+Q5
Audi,"Audi Q7",https://www.neodrift.in/search?type=product&options%5Bprefix%5D=last&options%5Bunavailable_products%5D=last&q=Audi+Q7
Audi,"Audi A6",https://www.neodrift.in/search?type=product&options%5Bprefix%5D=last&options%5Bunavailable_products%5D=last&q=Audi+A6
Audi,"Audi A7",https://www.neodrift.in/search?type=product&options%5Bprefix%5D=last&options%5Bunavailable_products%5D=last&q=Audi+A7
Audi,"Audi A8",https://www.neodrift.in/search?type=product&options%5Bprefix%5D=last&options%5Bunavailable_products%5D=last&q=Audi+A8
Audi,"Audi A3",https://www.neodrift.in/search?type=product&options%5Bprefix%5D=last&options%5Bunavailable_products%5D=last&q=Audi+A3
BMW,"BMW X1",https://www.neodrift.in/search?type=product&options%5Bprefix%5D=last&options%5Bunavailable_products%5D=last&q=BMW+X1
BMW,"BMW X5",https://www.neodrift.in/search?type=product&options%5Bprefix%5D=last&options%5Bunavailable_products%5D=last&q=BMW+X5
BMW,"BMW 5 Series",https://www.neodrift.in/search?type=product&options%5Bprefix%5D=last&options%5Bunavailable_products%5D=last&q=BMW+5+Series+
BMW,"BMW 6 Series GT",https://www.neodrift.in/search?type=product&options%5Bprefix%5D=last&options%5Bunavailable_products%5D=last&q=BMW+6+Series+GT
BMW,"BMW X7",https://www.neodrift.in/search?type=product&options%5Bprefix%5D=last&options%5Bunavailable_products%5D=last&q=BMW+X7
BMW,"BMW 3 Series GT",https://www.neodrift.in/search?type=product&options%5Bprefix%5D=last&options%5Bunavailable_products%5D=last&q=BMW+3+Series+GT
BMW,"BMW 2 Series",https://www.neodrift.in/search?type=product&options%5Bprefix%5D=last&options%5Bunavailable_products%5D=last&q=BMW+2+Series+
BMW,"BMW X3",https://www.neodrift.in/search?type=product&options%5Bprefix%5D=last&options%5Bunavailable_products%5D=last&q=BMW+X3
BMW,"BMW X6",https://www.neodrift.in/search?type=product&options%5Bprefix%5D=last&options%5Bunavailable_products%5D=last&q=BMW+X6
BMW,"BMW Z4",https://www.neodrift.in/search?type=product&options%5Bprefix%5D=last&options%5Bunavailable_products%5D=last&q=BMW+Z4
BMW,"BMW Mini Cooper",https://www.neodrift.in/search?type=product&options%5Bprefix%5D=last&options%5Bunavailable_products%5D=last&q=BMW+Mini+Cooper+
BMW,"BMW X4",https://www.neodrift.in/search?type=product&options%5Bprefix%5D=last&options%5Bunavailable_products%5D=last&q=BMW+X4
BMW,"BMW 1 Series",https://www.neodrift.in/search?type=product&options%5Bprefix%5D=last&options%5Bunavailable_products%5D=last&q=BMW+1+Series+
BMW,"BMW 5 Series GT",https://www.neodrift.in/search?type=product&options%5Bprefix%5D=last&options%5Bunavailable_products%5D=last&q=BMW+5+Series+GT
BMW,"BMW 7 Series",https://www.neodrift.in/search?type=product&options%5Bprefix%5D=last&options%5Bunavailable_products%5D=last&q=BMW+7+Series+
BMW,"BMW 3 Series",https://www.neodrift.in/search?type=product&options%5Bprefix%5D=last&options%5Bunavailable_products%5D=last&q=BMW+3+Series+
Chevrolet,"Chevrolet Beat",https://www.neodrift.in/search?type=product&options%5Bprefix%5D=last&options%5Bunavailable_products%5D=last&q=Chevrolet+Beat
Chevrolet,"Chevrolet Aveo",https://www.neodrift.in/search?type=product&options%5Bprefix%5D=last&options%5Bunavailable_products%5D=last&q=Chevrolet+Aveo
Chevrolet,"Chevrolet Cruze",https://www.neodrift.in/search?type=product&options%5Bprefix%5D=last&options%5Bunavailable_products%5D=last&q=Chevrolet+Cruze
Chevrolet,"Chevrolet Enjoy",https://www.neodrift.in/search?type=product&options%5Bprefix%5D=last&options%5Bunavailable_products%5D=last&q=Chevrolet+Enjoy
Chevrolet,"Chevrolet Sail Sedan",https://www.neodrift.in/search?type=product&options%5Bprefix%5D=last&options%5Bunavailable_products%5D=last&q=Chevrolet+Sail+Sedan+
Chevrolet,"Chevrolet Optra",https://www.neodrift.in/search?type=product&options%5Bprefix%5D=last&options%5Bunavailable_products%5D=last&q=Chevrolet+Optra
Chevrolet,"Chevrolet Tavera",https://www.neodrift.in/search?type=product&options%5Bprefix%5D=last&options%5Bunavailable_products%5D=last&q=Chevrolet+Tavera
Chevrolet,"Chevrolet UVA",https://www.neodrift.in/search?type=product&options%5Bprefix%5D=last&options%5Bunavailable_products%5D=last&q=Chevrolet+UVA
Chevrolet,"Chevrolet Spark",https://www.neodrift.in/search?type=product&options%5Bprefix%5D=last&options%5Bunavailable_products%5D=last&q=Chevrolet+Spark
Fiat,"Fiat Punto",https://www.neodrift.in/search?type=product&options%5Bprefix%5D=last&options%5Bunavailable_products%5D=last&q=Fiat+Punto
Fiat,"Fiat Linea",https://www.neodrift.in/search?type=product&options%5Bprefix%5D=last&options%5Bunavailable_products%5D=last&q=Fiat+Linea
Fiat,"Fiat Palio",https://www.neodrift.in/search?type=product&options%5Bprefix%5D=last&options%5Bunavailable_products%5D=last&q=Fiat+Palio
Fiat,"Fiat Avventura",https://www.neodrift.in/search?type=product&options%5Bprefix%5D=last&options%5Bunavailable_products%5D=last&q=Fiat+Avventura
Ford,"Ford Aspire",https://www.neodrift.in/search?type=product&options%5Bprefix%5D=last&options%5Bunavailable_products%5D=last&q=Ford+Aspire
Ford,"Ford Ecosport",https://www.neodrift.in/search?type=product&options%5Bprefix%5D=last&options%5Bunavailable_products%5D=last&q=Ford+Ecosport
Ford,"Ford Endeavour",https://www.neodrift.in/search?type=product&options%5Bprefix%5D=last&options%5Bunavailable_products%5D=last&q=Ford+Endeavour
Ford,"Ford Figo",https://www.neodrift.in/search?type=product&options%5Bprefix%5D=last&options%5Bunavailable_products%5D=last&q=Ford+Figo
Ford,"Ford Fiesta",https://www.neodrift.in/search?type=product&options%5Bprefix%5D=last&options%5Bunavailable_products%5D=last&q=Ford+Fiesta
Ford,"Ford Mondeo",https://www.neodrift.in/search?type=product&options%5Bprefix%5D=last&options%5Bunavailable_products%5D=last&q=Ford+Mondeo
Ford,"Ford Fusion",https://www.neodrift.in/search?type=product&options%5Bprefix%5D=last&options%5Bunavailable_products%5D=last&q=Ford+Fusion
Ford,"Ford Freestyle",https://www.neodrift.in/search?type=product&options%5Bprefix%5D=last&options%5Bunavailable_products%5D=last&q=Ford+Freestyle
Honda,"Honda Amaze",https://www.neodrift.in/search?type=product&options%5Bprefix%5D=last&options%5Bunavailable_products%5D=last&q=Honda+Amaze
Honda,"Honda City T-3",https://www.neodrift.in/search?type=product&options%5Bprefix%5D=last&options%5Bunavailable_products%5D=last&q=Honda+City+T-3+
Honda,"Honda Civic",https://www.neodrift.in/search?type=product&options%5Bprefix%5D=last&options%5Bunavailable_products%5D=last&q=Honda+Civic
Honda,"Honda WR-V",https://www.neodrift.in/search?type=product&options%5Bprefix%5D=last&options%5Bunavailable_products%5D=last&q=Honda+WR-V
Honda,"Honda Jazz",https://www.neodrift.in/search?type=product&options%5Bprefix%5D=last&options%5Bunavailable_products%5D=last&q=Honda+Jazz
Honda,"Honda City T-4",https://www.neodrift.in/search?type=product&options%5Bprefix%5D=last&options%5Bunavailable_products%5D=last&q=Honda+City+T-4+
Honda,"Honda City T-5",https://www.neodrift.in/search?type=product&options%5Bprefix%5D=last&options%5Bunavailable_products%5D=last&q=Honda+City+T-5+
Honda,"Honda ZX",https://www.neodrift.in/search?type=product&options%5Bprefix%5D=last&options%5Bunavailable_products%5D=last&q=Honda+ZX
Honda,"Honda Mobilio",https://www.neodrift.in/search?type=product&options%5Bprefix%5D=last&options%5Bunavailable_products%5D=last&q=Honda+Mobilio
Honda,"Honda CR-V",https://www.neodrift.in/search?type=product&options%5Bprefix%5D=last&options%5Bunavailable_products%5D=last&q=Honda+CR-V
Honda,"Honda BRV",https://www.neodrift.in/search?type=product&options%5Bprefix%5D=last&options%5Bunavailable_products%5D=last&q=Honda+BRV
Honda,"Honda Brio",https://www.neodrift.in/search?type=product&options%5Bprefix%5D=last&options%5Bunavailable_products%5D=last&q=Honda+Brio
Honda,"Honda Accord",https://www.neodrift.in/search?type=product&options%5Bprefix%5D=last&options%5Bunavailable_products%5D=last&q=Honda+Accord
Hyundai,"Hyundai Alcazar",https://www.neodrift.in/search?type=product&options%5Bprefix%5D=last&options%5Bunavailable_products%5D=last&q=Hyundai+Alcazar
Hyundai,"Hyundai Aura",https://www.neodrift.in/search?type=product&options%5Bprefix%5D=last&options%5Bunavailable_products%5D=last&q=Hyundai+Aura
Hyundai,"Hyundai Creta",https://www.neodrift.in/search?type=product&options%5Bprefix%5D=last&options%5Bunavailable_products%5D=last&q=Hyundai+Creta
Hyundai,"Hyundai Grand i10 Nios",https://www.neodrift.in/search?type=product&options%5Bprefix%5D=last&options%5Bunavailable_products%5D=last&q=Hyundai+Grand+i10+Nios
Hyundai,"Hyundai i20",https://www.neodrift.in/search?type=product&options%5Bprefix%5D=last&options%5Bunavailable_products%5D=last&q=Hyundai+i20
Hyundai,"Hyundai Venue",https://www.neodrift.in/search?type=product&options%5Bprefix%5D=last&options%5Bunavailable_products%5D=last&q=Hyundai+Venue
Hyundai,"Hyundai Fluidic Verna",https://www.neodrift.in/search?type=product&options%5Bprefix%5D=last&options%5Bunavailable_products%5D=last&q=Hyundai+Fluidic+Verna+
Hyundai,"Hyundai Elantra",https://www.neodrift.in/search?type=product&options%5Bprefix%5D=last&options%5Bunavailable_products%5D=last&q=Hyundai+Elantra
Hyundai,"Hyundai Tucson",https://www.neodrift.in/search?type=product&options%5Bprefix%5D=last&options%5Bunavailable_products%5D=last&q=Hyundai+Tucson
Hyundai,"Hyundai Santro",https://www.neodrift.in/search?type=product&options%5Bprefix%5D=last&options%5Bunavailable_products%5D=last&q=Hyundai+Santro
Hyundai,"Hyundai Verna",https://www.neodrift.in/search?type=product&options%5Bprefix%5D=last&options%5Bunavailable_products%5D=last&q=Hyundai+Verna
Hyundai,"Hyundai i10 Grand",https://www.neodrift.in/search?type=product&options%5Bprefix%5D=last&options%5Bunavailable_products%5D=last&q=Hyundai+i10+Grand+
Hyundai,"Hyundai Xcent",https://www.neodrift.in/search?type=product&options%5Bprefix%5D=last&options%5Bunavailable_products%5D=last&q=Hyundai+Xcent
Hyundai,"Hyundai i20 Active",https://www.neodrift.in/search?type=product&options%5Bprefix%5D=last&options%5Bunavailable_products%5D=last&q=Hyundai+i20+Active+
Hyundai,"Hyundai EON",https://www.neodrift.in/search?type=product&options%5Bprefix%5D=last&options%5Bunavailable_products%5D=last&q=Hyundai+EON
Hyundai,"Hyundai i10",https://www.neodrift.in/search?type=product&options%5Bprefix%5D=last&options%5Bunavailable_products%5D=last&q=Hyundai+i10
Hyundai,"Hyundai Getz",https://www.neodrift.in/search?type=product&options%5Bprefix%5D=last&options%5Bunavailable_products%5D=last&q=Hyundai+Getz
Hyundai,"Hyundai Santafe",https://www.neodrift.in/search?type=product&options%5Bprefix%5D=last&options%5Bunavailable_products%5D=last&q=Hyundai+Santafe
Hyundai,"Hyundai Sonata",https://www.neodrift.in/search?type=product&options%5Bprefix%5D=last&options%5Bunavailable_products%5D=last&q=Hyundai+Sonata
Isuzu,"Isuzu D-Max",https://www.neodrift.in/search?type=product&options%5Bprefix%5D=last&options%5Bunavailable_products%5D=last&q=Isuzu+D-Max
Jaguar,"Jaguar XF",https://www.neodrift.in/search?type=product&options%5Bprefix%5D=last&options%5Bunavailable_products%5D=last&q=Jaguar+XF
Jaguar,"Jaguar XJ",https://www.neodrift.in/search?type=product&options%5Bprefix%5D=last&options%5Bunavailable_products%5D=last&q=Jaguar+XJ
Jaguar,"Jaguar XJL",https://www.neodrift.in/search?type=product&options%5Bprefix%5D=last&options%5Bunavailable_products%5D=last&q=Jaguar+XJL
Jaguar,"Jaguar F-Pace",https://www.neodrift.in/search?type=product&options%5Bprefix%5D=last&options%5Bunavailable_products%5D=last&q=Jaguar+F-Pace
Jeep,"Jeep Compass",https://www.neodrift.in/search?type=product&options%5Bprefix%5D=last&options%5Bunavailable_products%5D=last&q=Jeep+Compass
Kia,"Kia Seltos",https://www.neodrift.in/search?type=product&options%5Bprefix%5D=last&options%5Bunavailable_products%5D=last&q=Kia+Seltos
Kia,"Kia Sonet",https://www.neodrift.in/search?type=product&options%5Bprefix%5D=last&options%5Bunavailable_products%5D=last&q=Kia+Sonet
Kia,"Kia Carnival",https://www.neodrift.in/search?type=product&options%5Bprefix%5D=last&options%5Bunavailable_products%5D=last&q=Kia+Carnival
Kia,"Kia Carens",https://www.neodrift.in/search?type=product&options%5Bprefix%5D=last&options%5Bunavailable_products%5D=last&q=Kia+Carens
"Land Rover","Land Rover Discovery Sport",https://www.neodrift.in/search?type=product&options%5Bprefix%5D=last&options%5Bunavailable_products%5D=last&q=Land+Rover+Discovery+Sport
"Land Rover","Land Rover Range Rover Evoque",https://www.neodrift.in/search?type=product&options%5Bprefix%5D=last&options%5Bunavailable_products%5D=last&q=Land+Rover+Range+Rover+Evoque+
"Land Rover","Land Rover Range Rover Sports",https://www.neodrift.in/search?type=product&options%5Bprefix%5D=last&options%5Bunavailable_products%5D=last&q=Land+Rover+Range+Rover+Sports+
Mahindra,"Mahindra Bolero",https://www.neodrift.in/search?type=product&options%5Bprefix%5D=last&options%5Bunavailable_products%5D=last&q=Mahindra+Bolero
Mahindra,"Mahindra Thar",https://www.neodrift.in/search?type=product&options%5Bprefix%5D=last&options%5Bunavailable_products%5D=last&q=Mahindra+Thar
Mahindra,"Mahindra XUV 300",https://www.neodrift.in/search?type=product&options%5Bprefix%5D=last&options%5Bunavailable_products%5D=last&q=Mahindra+XUV+300+
Mahindra,"Mahindra XUV 500",https://www.neodrift.in/search?type=product&options%5Bprefix%5D=last&options%5Bunavailable_products%5D=last&q=Mahindra+XUV+500+
Mahindra,"Mahindra Scorpio",https://www.neodrift.in/search?type=product&options%5Bprefix%5D=last&options%5Bunavailable_products%5D=last&q=Mahindra+Scorpio
Mahindra,"Mahindra XUV 700",https://www.neodrift.in/search?type=product&options%5Bprefix%5D=last&options%5Bunavailable_products%5D=last&q=Mahindra+XUV+700+
Mahindra,"Mahindra Marazzo",https://www.neodrift.in/search?type=product&options%5Bprefix%5D=last&options%5Bunavailable_products%5D=last&q=Mahindra+Marazzo
Mahindra,"Mahindra KUV100",https://www.neodrift.in/search?type=product&options%5Bprefix%5D=last&options%5Bunavailable_products%5D=last&q=Mahindra+KUV100
Mahindra,"Mahindra Logan",https://www.neodrift.in/search?type=product&options%5Bprefix%5D=last&options%5Bunavailable_products%5D=last&q=Mahindra+Logan
Mahindra,"Mahindra Xylo",https://www.neodrift.in/search?type=product&options%5Bprefix%5D=last&options%5Bunavailable_products%5D=last&q=Mahindra+Xylo
Mahindra,"Mahindra Quanto",https://www.neodrift.in/search?type=product&options%5Bprefix%5D=last&options%5Bunavailable_products%5D=last&q=Mahindra+Quanto
Mahindra,"Mahindra NuvoSports",https://www.neodrift.in/search?type=product&options%5Bprefix%5D=last&options%5Bunavailable_products%5D=last&q=Mahindra+NuvoSports
Mahindra,"Mahindra TUV 300",https://www.neodrift.in/search?type=product&options%5Bprefix%5D=last&options%5Bunavailable_products%5D=last&q=Mahindra+TUV+300+
Mahindra,"Mahindra Rexton",https://www.neodrift.in/search?type=product&options%5Bprefix%5D=last&options%5Bunavailable_products%5D=last&q=Mahindra+Rexton
"Maruti Suzuki","Maruti Suzuki Baleno",https://www.neodrift.in/search?type=product&options%5Bprefix%5D=last&options%5Bunavailable_products%5D=last&q=Maruti+Suzuki+Baleno+
"Maruti Suzuki","Maruti Suzuki Ciaz",https://www.neodrift.in/search?type=product&options%5Bprefix%5D=last&options%5Bunavailable_products%5D=last&q=Maruti+Suzuki+Ciaz+
"Maruti Suzuki","Maruti Suzuki Dzire",https://www.neodrift.in/search?type=product&options%5Bprefix%5D=last&options%5Bunavailable_products%5D=last&q=Maruti+Suzuki+Dzire+
"Maruti Suzuki","Maruti Suzuki Ertiga",https://www.neodrift.in/search?type=product&options%5Bprefix%5D=last&options%5Bunavailable_products%5D=last&q=Maruti+Suzuki+Ertiga+
"Maruti Suzuki","Maruti Suzuki Ignis",https://www.neodrift.in/search?type=product&options%5Bprefix%5D=last&options%5Bunavailable_products%5D=last&q=Maruti+Suzuki+Ignis+
"Maruti Suzuki","Maruti Suzuki S-Presso",https://www.neodrift.in/search?type=product&options%5Bprefix%5D=last&options%5Bunavailable_products%5D=last&q=Maruti+Suzuki+S-Presso+
"Maruti Suzuki","Maruti Suzuki Swift",https://www.neodrift.in/search?type=product&options%5Bprefix%5D=last&options%5Bunavailable_products%5D=last&q=Maruti+Suzuki+Swift+
"Maruti Suzuki","Maruti Suzuki Vitara Brezza",https://www.neodrift.in/search?type=product&options%5Bprefix%5D=last&options%5Bunavailable_products%5D=last&q=Maruti+Suzuki+Vitara+Brezza
"Maruti Suzuki","Maruti Suzuki WagonR",https://www.neodrift.in/search?type=product&options%5Bprefix%5D=last&options%5Bunavailable_products%5D=last&q=Maruti+Suzuki+WagonR+
"Maruti Suzuki","Maruti Suzuki Alto 800",https://www.neodrift.in/search?type=product&options%5Bprefix%5D=last&options%5Bunavailable_products%5D=last&q=Maruti+Suzuki+Alto+800
"Maruti Suzuki","Maruti Suzuki Celerio",https://www.neodrift.in/search?type=product&options%5Bprefix%5D=last&options%5Bunavailable_products%5D=last&q=Maruti+Suzuki+Celerio+
"Maruti Suzuki","Maruti Suzuki S-Cross",https://www.neodrift.in/search?type=product&options%5Bprefix%5D=last&options%5Bunavailable_products%5D=last&q=Maruti+Suzuki+S-Cross+
"Maruti Suzuki","Maruti Suzuki XL6",https://www.neodrift.in/search?type=product&options%5Bprefix%5D=last&options%5Bunavailable_products%5D=last&q=Maruti+Suzuki+XL6+
"Maruti Suzuki","Maruti Alto LX",https://www.neodrift.in/search?type=product&options%5Bprefix%5D=last&options%5Bunavailable_products%5D=last&q=Maruti+Alto+LX+
"Maruti Suzuki","Maruti Alto K10",https://www.neodrift.in/search?type=product&options%5Bprefix%5D=last&options%5Bunavailable_products%5D=last&q=Maruti+Alto+K10+
"Maruti Suzuki","Maruti Ritz",https://www.neodrift.in/search?type=product&options%5Bprefix%5D=last&options%5Bunavailable_products%5D=last&q=Maruti+Ritz
"Maruti Suzuki","Maruti Zen Estilio",https://www.neodrift.in/search?type=product&options%5Bprefix%5D=last&options%5Bunavailable_products%5D=last&q=Maruti+Zen+Estilio+
"Maruti Suzuki","Maruti SX4",https://www.neodrift.in/search?type=product&options%5Bprefix%5D=last&options%5Bunavailable_products%5D=last&q=Maruti+SX4
"Maruti Suzuki","Maruti A-Star",https://www.neodrift.in/search?type=product&options%5Bprefix%5D=last&options%5Bunavailable_products%5D=last&q=Maruti+A-Star
Mercedes,"Mercedes A Class",https://www.neodrift.in/search?type=product&options%5Bprefix%5D=last&options%5Bunavailable_products%5D=last&q=Mercedes+A+Class+
Mercedes,"Mercedes B Class",https://www.neodrift.in/search?type=product&options%5Bprefix%5D=last&options%5Bunavailable_products%5D=last&q=Mercedes+B+Class+
Mercedes,"Mercedes C Class",https://www.neodrift.in/search?type=product&options%5Bprefix%5D=last&options%5Bunavailable_products%5D=last&q=Mercedes+C+Class+
Mercedes,"Mercedes CLA-200/220",https://www.neodrift.in/search?type=product&options%5Bprefix%5D=last&options%5Bunavailable_products%5D=last&q=Mercedes+CLA-200/220
Mercedes,"Mercedes CLS",https://www.neodrift.in/search?type=product&options%5Bprefix%5D=last&options%5Bunavailable_products%5D=last&q=Mercedes+CLS
Mercedes,"Mercedes E Class",https://www.neodrift.in/search?type=product&options%5Bprefix%5D=last&options%5Bunavailable_products%5D=last&q=Mercedes+E+Class+
Mercedes,"Mercedes GLA 200",https://www.neodrift.in/search?type=product&options%5Bprefix%5D=last&options%5Bunavailable_products%5D=last&q=Mercedes+GLA+200+
Mercedes,"Mercedes GLC-250/220/350",https://www.neodrift.in/search?type=product&options%5Bprefix%5D=last&options%5Bunavailable_products%5D=last&q=Mercedes+GLC-250/220/350
Mercedes,"Mercedes GLE",https://www.neodrift.in/search?type=product&options%5Bprefix%5D=last&options%5Bunavailable_products%5D=last&q=Mercedes+GLE
Mercedes,"Mercedes M Class",https://www.neodrift.in/search?type=product&options%5Bprefix%5D=last&options%5Bunavailable_products%5D=last&q=Mercedes+M+Class+
Mercedes,"Mercedes R Class",https://www.neodrift.in/search?type=product&options%5Bprefix%5D=last&options%5Bunavailable_products%5D=last&q=Mercedes+R+Class+
Mercedes,"Mercedes S Class",https://www.neodrift.in/search?type=product&options%5Bprefix%5D=last&options%5Bunavailable_products%5D=last&q=Mercedes+S+Class+
Mercedes,"Mercedes GLS",https://www.neodrift.in/search?type=product&options%5Bprefix%5D=last&options%5Bunavailable_products%5D=last&q=Mercedes+GLS
Mercedes,"Mercedes GLS/GLE-250",https://www.neodrift.in/search?type=product&options%5Bprefix%5D=last&options%5Bunavailable_products%5D=last&q=Mercedes+GLS/GLE-250
MG,"MG Hector",https://www.neodrift.in/search?type=product&options%5Bprefix%5D=last&options%5Bunavailable_products%5D=last&q=MG+Hector
MG,"MG Astor",https://www.neodrift.in/search?type=product&options%5Bprefix%5D=last&options%5Bunavailable_products%5D=last&q=MG+Astor
MG,"MG ZS EV",https://www.neodrift.in/search?type=product&options%5Bprefix%5D=last&options%5Bunavailable_products%5D=last&q=MG+ZS+EV+
MG,"MG GLOSTER",https://www.neodrift.in/search?type=product&options%5Bprefix%5D=last&options%5Bunavailable_products%5D=last&q=MG+GLOSTER
MG,"MG Hector Plus",https://www.neodrift.in/search?type=product&options%5Bprefix%5D=last&options%5Bunavailable_products%5D=last&q=MG+Hector+Plus+
Mitsubishi,"Mitsubishi Outlander",https://www.neodrift.in/search?type=product&options%5Bprefix%5D=last&options%5Bunavailable_products%5D=last&q=Mitsubishi+Outlander
Mitsubishi,"Mitsubishi Pajero Sports",https://www.neodrift.in/search?type=product&options%5Bprefix%5D=last&options%5Bunavailable_products%5D=last&q=Mitsubishi+Pajero+Sports+
Mitsubishi,"Mitsubishi Pajero",https://www.neodrift.in/search?type=product&options%5Bprefix%5D=last&options%5Bunavailable_products%5D=last&q=Mitsubishi+Pajero
Mitsubishi,"Mitsubishi Lexus 450",https://www.neodrift.in/search?type=product&options%5Bprefix%5D=last&options%5Bunavailable_products%5D=last&q=Mitsubishi+Lexus+450+
Nissan,"Nissan Magnite",https://www.neodrift.in/search?type=product&options%5Bprefix%5D=last&options%5Bunavailable_products%5D=last&q=Nissan+Magnite
Nissan,"Nissan Kicks",https://www.neodrift.in/search?type=product&options%5Bprefix%5D=last&options%5Bunavailable_products%5D=last&q=Nissan+Kicks
Nissan,"Nissan Redi Go",https://www.neodrift.in/search?type=product&options%5Bprefix%5D=last&options%5Bunavailable_products%5D=last&q=Nissan+Redi+Go+
Nissan,"Nissan Micra",https://www.neodrift.in/search?type=product&options%5Bprefix%5D=last&options%5Bunavailable_products%5D=last&q=Nissan+Micra
Nissan,"Nissan Sunny",https://www.neodrift.in/search?type=product&options%5Bprefix%5D=last&options%5Bunavailable_products%5D=last&q=Nissan+Sunny
Nissan,"Nissan Terrano",https://www.neodrift.in/search?type=product&options%5Bprefix%5D=last&options%5Bunavailable_products%5D=last&q=Nissan+Terrano
Porsche,"Porsche Cayenne",https://www.neodrift.in/search?type=product&options%5Bprefix%5D=last&options%5Bunavailable_products%5D=last&q=Porsche+Cayenne
Porsche,"Porsche Panamera",https://www.neodrift.in/search?type=product&options%5Bprefix%5D=last&options%5Bunavailable_products%5D=last&q=Porsche+Panamera
Porsche,"Porsche Cayman",https://www.neodrift.in/search?type=product&options%5Bprefix%5D=last&options%5Bunavailable_products%5D=last&q=Porsche+Cayman
Porsche,"Porsche 911",https://www.neodrift.in/search?type=product&options%5Bprefix%5D=last&options%5Bunavailable_products%5D=last&q=Porsche+911
Porsche,"Porsche Boxster",https://www.neodrift.in/search?type=product&options%5Bprefix%5D=last&options%5Bunavailable_products%5D=last&q=Porsche+Boxster
Renault,"Renault Dutsun Go",https://www.neodrift.in/search?type=product&options%5Bprefix%5D=last&options%5Bunavailable_products%5D=last&q=Renault+Dutsun+Go+
Renault,"Renault Lodgy",https://www.neodrift.in/search?type=product&options%5Bprefix%5D=last&options%5Bunavailable_products%5D=last&q=Renault+Lodgy
Renault,"Renault Captur",https://www.neodrift.in/search?type=product&options%5Bprefix%5D=last&options%5Bunavailable_products%5D=last&q=Renault+Captur
Renault,"Renault Dutsun Go Plus",https://www.neodrift.in/search?type=product&options%5Bprefix%5D=last&options%5Bunavailable_products%5D=last&q=Renault+Dutsun+Go+Plus
Renault,"Renault Kiger",https://www.neodrift.in/search?type=product&options%5Bprefix%5D=last&options%5Bunavailable_products%5D=last&q=Renault+Kiger
Renault,"Renault Kwid",https://www.neodrift.in/search?type=product&options%5Bprefix%5D=last&options%5Bunavailable_products%5D=last&q=Renault+Kwid
Renault,"Renault Duster",https://www.neodrift.in/search?type=product&options%5Bprefix%5D=last&options%5Bunavailable_products%5D=last&q=Renault+Duster
Renault,"Renault Triber",https://www.neodrift.in/search?type=product&options%5Bprefix%5D=last&options%5Bunavailable_products%5D=last&q=Renault+Triber
Skoda,"Skoda Laura",https://www.neodrift.in/search?type=product&options%5Bprefix%5D=last&options%5Bunavailable_products%5D=last&q=Skoda+Laura
Skoda,"Skoda Rapid",https://www.neodrift.in/search?type=product&options%5Bprefix%5D=last&options%5Bunavailable_products%5D=last&q=Skoda+Rapid
Skoda,"Skoda Superb",https://www.neodrift.in/search?type=product&options%5Bprefix%5D=last&options%5Bunavailable_products%5D=last&q=Skoda+Superb
Skoda,"Skoda Octavia",https://www.neodrift.in/search?type=product&options%5Bprefix%5D=last&options%5Bunavailable_products%5D=last&q=Skoda+Octavia
Skoda,"Skoda Kodiaq",https://www.neodrift.in/search?type=product&options%5Bprefix%5D=last&options%5Bunavailable_products%5D=last&q=Skoda+Kodiaq
Skoda,"Skoda Kushaq",https://www.neodrift.in/search?type=product&options%5Bprefix%5D=last&options%5Bunavailable_products%5D=last&q=Skoda+Kushaq
Skoda,"Skoda Fabia",https://www.neodrift.in/search?type=product&options%5Bprefix%5D=last&options%5Bunavailable_products%5D=last&q=Skoda+Fabia
Skoda,"Skoda Yeti",https://www.neodrift.in/search?type=product&options%5Bprefix%5D=last&options%5Bunavailable_products%5D=last&q=Skoda+Yeti
Tata,"Tata Altroz",https://www.neodrift.in/search?type=product&options%5Bprefix%5D=last&options%5Bunavailable_products%5D=last&q=Tata+Altroz
Tata,"Tata Harrier",https://www.neodrift.in/search?type=product&options%5Bprefix%5D=last&options%5Bunavailable_products%5D=last&q=Tata+Harrier
Tata,"Tata Nexon",https://www.neodrift.in/search?type=product&options%5Bprefix%5D=last&options%5Bunavailable_products%5D=last&q=Tata+Nexon
Tata,"Tata Tigor",https://www.neodrift.in/search?type=product&options%5Bprefix%5D=last&options%5Bunavailable_products%5D=last&q=Tata+Tigor
Tata,"Tata Safari",https://www.neodrift.in/search?type=product&options%5Bprefix%5D=last&options%5Bunavailable_products%5D=last&q=Tata+Safari
Tata,"Tata Tiago",https://www.neodrift.in/search?type=product&options%5Bprefix%5D=last&options%5Bunavailable_products%5D=last&q=Tata+Tiago
Tata,"Tata Punch",https://www.neodrift.in/search?type=product&options%5Bprefix%5D=last&options%5Bunavailable_products%5D=last&q=Tata+Punch
Tata,"Tata Vista",https://www.neodrift.in/search?type=product&options%5Bprefix%5D=last&options%5Bunavailable_products%5D=last&q=Tata+Vista
Tata,"Tata Indigo",https://www.neodrift.in/search?type=product&options%5Bprefix%5D=last&options%5Bunavailable_products%5D=last&q=Tata+Indigo
Tata,"Tata Indica",https://www.neodrift.in/search?type=product&options%5Bprefix%5D=last&options%5Bunavailable_products%5D=last&q=Tata+Indica
Tata,"Tata Manza",https://www.neodrift.in/search?type=product&options%5Bprefix%5D=last&options%5Bunavailable_products%5D=last&q=Tata+Manza
Tata,"Tata Zest",https://www.neodrift.in/search?type=product&options%5Bprefix%5D=last&options%5Bunavailable_products%5D=last&q=Tata+Zest
Tata,"Tata Hexa",https://www.neodrift.in/search?type=product&options%5Bprefix%5D=last&options%5Bunavailable_products%5D=last&q=Tata+Hexa
Toyota,"Toyota Fortuner",https://www.neodrift.in/search?type=product&options%5Bprefix%5D=last&options%5Bunavailable_products%5D=last&q=Toyota+Fortuner
Toyota,"Toyota Innova Crysta",https://www.neodrift.in/search?type=product&options%5Bprefix%5D=last&options%5Bunavailable_products%5D=last&q=Toyota+Innova+Crysta+
Toyota,"Toyota Yaris",https://www.neodrift.in/search?type=product&options%5Bprefix%5D=last&options%5Bunavailable_products%5D=last&q=Toyota+Yaris
Toyota,"Toyota Innova",https://www.neodrift.in/search?type=product&options%5Bprefix%5D=last&options%5Bunavailable_products%5D=last&q=Toyota+Innova
Toyota,"Toyota Etios",https://www.neodrift.in/search?type=product&options%5Bprefix%5D=last&options%5Bunavailable_products%5D=last&q=Toyota+Etios
Toyota,"Toyota Liva",https://www.neodrift.in/search?type=product&options%5Bprefix%5D=last&options%5Bunavailable_products%5D=last&q=Toyota+Liva
Toyota,"Toyota Glanza",https://www.neodrift.in/search?type=product&options%5Bprefix%5D=last&options%5Bunavailable_products%5D=last&q=Toyota+Glanza
Toyota,"Toyota Parado",https://www.neodrift.in/search?type=product&options%5Bprefix%5D=last&options%5Bunavailable_products%5D=last&q=Toyota+Parado
Toyota,"Toyota Camry",https://www.neodrift.in/search?type=product&options%5Bprefix%5D=last&options%5Bunavailable_products%5D=last&q=Toyota+Camry
Toyota,"Toyota Etios Cross",https://www.neodrift.in/search?type=product&options%5Bprefix%5D=last&options%5Bunavailable_products%5D=last&q=Toyota+Etios+Cross+
Toyota,"Toyota Land Cruiser",https://www.neodrift.in/search?type=product&options%5Bprefix%5D=last&options%5Bunavailable_products%5D=last&q=Toyota+Land+Cruiser+
Toyota,"Toyota Altis",https://www.neodrift.in/search?type=product&options%5Bprefix%5D=last&options%5Bunavailable_products%5D=last&q=Toyota+Altis
Volkswagen,"Volkswagen Vento",https://www.neodrift.in/search?type=product&options%5Bprefix%5D=last&options%5Bunavailable_products%5D=last&q=Volkswagen+Vento
Volkswagen,"Volkswagen Polo",https://www.neodrift.in/search?type=product&options%5Bprefix%5D=last&options%5Bunavailable_products%5D=last&q=Volkswagen+Polo
Volkswagen,"Volkswagen Taigun",https://www.neodrift.in/search?type=product&options%5Bprefix%5D=last&options%5Bunavailable_products%5D=last&q=Volkswagen+Taigun
Volkswagen,"Volkswagen Ameo",https://www.neodrift.in/search?type=product&options%5Bprefix%5D=last&options%5Bunavailable_products%5D=last&q=Volkswagen+Ameo
Volkswagen,"Volkswagen Jetta",https://www.neodrift.in/search?type=product&options%5Bprefix%5D=last&options%5Bunavailable_products%5D=last&q=Volkswagen+Jetta
Volkswagen,"Volksagen Passat",https://www.neodrift.in/search?type=product&options%5Bprefix%5D=last&options%5Bunavailable_products%5D=last&q=Volksagen+Passat
Volvo,"Volvo S-60",https://www.neodrift.in/search?type=product&options%5Bprefix%5D=last&options%5Bunavailable_products%5D=last&q=Volvo+S-60
Volvo,"Volvo XC 60",https://www.neodrift.in/search?type=product&options%5Bprefix%5D=last&options%5Bunavailable_products%5D=last&q=Volvo+XC+60+
Volvo,"Volvo XC 90",https://www.neodrift.in/search?type=product&options%5Bprefix%5D=last&options%5Bunavailable_products%5D=last&q=Volvo+XC+90+
Volvo,"Volvo S-90",https://www.neodrift.in/search?type=product&options%5Bprefix%5D=last&options%5Bunavailable_products%5D=last&q=Volvo+S-90
,,
